study_id,participant_id,participant_external_id,participant_created_at,participant_name,participant_age,participant_gender,participant_display_gender,participant_tags,participant_quality_grade,notes
e37204c5-12da-4ff4-9083-134439ed3519,b61f98b4-29ad-4be9-8538-23507b79632f,,2026-04-21T12:12:48+00:00,"Anonymous, Male, 25",25,1,male,,5,"RealEye v26.06.08.1; VAI Algorithm v0.6; 2026-06-09T10:50:48+00:00"
e37204c5-12da-4ff4-9083-134439ed3519,4c872dd7-2978-4fe5-8f38-a6b4d949387a,,2026-04-21T11:00:06+00:00,"Hossem Eddine Hafidi, Male, 29",29,1,male,,5,
e37204c5-12da-4ff4-9083-134439ed3519,53674d73-b242-4b6e-8a22-773c8735f214,,2026-04-21T08:19:05+00:00,"Kaouter HASSANI, Female, 23",23,0,female,,6,
e37204c5-12da-4ff4-9083-134439ed3519,5a30ba7c-294d-47b1-b99a-52b2f4eea907,,2026-04-20T23:03:04+00:00,"abdelbaset benyahia hamidi, Male, 23",23,1,male,,5,
e37204c5-12da-4ff4-9083-134439ed3519,94afc0a0-9a14-4925-aa57-51f221714f51,,2026-04-20T22:55:31+00:00,"Abderrezzak, Male, 23",23,1,male,,4,
e37204c5-12da-4ff4-9083-134439ed3519,3028292c-af2a-4433-ad81-69f968d608bb,,2026-04-20T21:37:18+00:00,"mohammed, Male, 22",22,1,male,,4,
e37204c5-12da-4ff4-9083-134439ed3519,1308baa4-ee2e-4a00-b183-b7c9aa7aa1c2,,2026-04-20T21:31:38+00:00,"Wail, Male, 21",21,1,male,,5,
e37204c5-12da-4ff4-9083-134439ed3519,be0adeec-0d77-4da0-a24b-575d4d44c38d,,2026-04-18T14:47:32+00:00,"Oussama Labiod, Male, 25",25,1,male,,5,
e37204c5-12da-4ff4-9083-134439ed3519,e92dd8dc-d8ec-4bac-9329-d27c908076f3,,2026-04-18T13:42:21+00:00,"louafi mohamed islam, Male, 23",23,1,male,,6,
e37204c5-12da-4ff4-9083-134439ed3519,a7d7bec5-c54c-4c9b-95d2-f3c2fcae5371,,2026-04-18T13:36:45+00:00,"Anonymous, Male, 22",22,1,male,,3,
