AOI,metric,condition,n,dz,ci_lower,ci_upper,ci_excludes_0,rule
CTA,VAI (%),C,20,0.8784002647821211,0.4710587522996319,1.5039336706667124,True,max
CTA,TTFF (s),C,18,-0.8421926879693594,-2.064259585952324,-0.3144216965292732,True,min
CTA,Time spent (s),C,20,0.6516389276124153,0.22025701692920904,1.304200402942657,True,max
CTA,Fixations,C,20,0.9620176945765807,0.5246062180417973,1.682998440277601,True,max
CTA,Fix. duration (s),B,18,-0.7105945049035322,-1.5338645700725537,-0.22117414170883407,True,min
CTA,FFD (s),D,17,-0.684052432640192,-1.4860682407907388,-0.18694885732514493,True,min
CTA,K-coefficient,C,18,0.1588980295310069,-0.32519015175953403,0.665172381714769,False,max
CTA,Revisits,C,20,1.0379308130931921,0.695510113628633,1.576717555648413,True,max
Headline,VAI (%),C,20,0.9852009727254226,0.6075968413876072,1.7065002746305507,True,max
Headline,TTFF (s),C,20,-0.09385585333890811,-0.5997445341188091,0.32401328453285705,False,min
Headline,Time spent (s),C,20,0.34939888806717906,-0.08679884177230276,1.299382541084459,False,max
Headline,Fixations,C,20,1.075346461233818,0.4532845572917986,2.7406789651794723,True,max
Headline,Fix. duration (s),C,20,-0.821151982819032,-1.557580403636107,-0.36957824414786855,True,min
Headline,FFD (s),B,20,-0.7849528676213481,-1.6401995343517595,-0.32058822208850585,True,min
Headline,K-coefficient,D,19,0.8692131829486601,0.4559787242474555,1.5696032539803915,True,max
Headline,Revisits,C,20,1.0826489920633375,0.6820238233698999,1.7041804795090267,True,max
Product,VAI (%),E,18,0.16436299965329038,-0.4004715298838399,0.5420949494635793,False,max
Product,TTFF (s),E,18,-0.2846731473068018,-0.874530323174805,0.16204519487680344,False,min
Product,Time spent (s),C,20,0.04245468216752144,-0.5395856070033649,0.42186562250478055,False,max
Product,Fixations,C,20,0.3583096879608097,-0.06155332283905375,0.7534196014518015,False,max
Product,Fix. duration (s),D,19,-1.4905554680158146,-2.5187191094892203,-0.9877730520413657,True,min
Product,FFD (s),D,19,-1.0834504767822708,-2.002716069476656,-0.6116844196987453,True,min
Product,K-coefficient,C,20,0.27369650752358154,-0.17443714393089216,0.8726302637654128,False,max
Product,Revisits,C,20,0.37610524614839713,-0.030424992363296616,0.7959808621412368,False,max
