AOI,metric,condition,n,dz,ci_lower,ci_upper,ci_excludes_0
CTA,VAI (%),B,20,0.5545896939648198,0.13466887166764346,1.2004062051931548,True
CTA,VAI (%),C,20,0.8784002647821211,0.4710587522996319,1.5039336706667124,True
CTA,VAI (%),D,19,0.4362541244355305,-0.013013173774654945,1.3206119146877948,False
CTA,VAI (%),E,18,0.4367636024784201,-0.0012785448202196315,1.0981969643397163,False
CTA,TTFF (s),B,18,-0.4867743670003286,-1.22438366635003,-0.02015519791112275,True
CTA,TTFF (s),C,18,-0.8421926879693594,-2.064259585952324,-0.3144216965292732,True
CTA,TTFF (s),D,17,-0.2674137904139966,-0.8481119263092288,0.2033794137444975,False
CTA,TTFF (s),E,17,-0.12851534457363434,-0.618481221940888,0.3929327708912627,False
CTA,Time spent (s),B,20,0.22810646853351704,-0.2073653630228708,0.7932219479476739,False
CTA,Time spent (s),C,20,0.6516389276124153,0.22025701692920904,1.304200402942657,True
CTA,Time spent (s),D,19,-0.10812463085153408,-0.7395090179047213,0.3138637929146463,False
CTA,Time spent (s),E,18,0.4149375959085651,-0.01743254081727111,1.0964075669007087,False
CTA,Fixations,B,20,0.44049408652857197,0.009291662358567099,1.0011862895544137,True
CTA,Fixations,C,20,0.9620176945765807,0.5246062180417973,1.682998440277601,True
CTA,Fixations,D,19,0.321405768532196,-0.12117821404111011,0.8673083787366783,False
CTA,Fixations,E,18,0.5529537513383865,0.05672603294613602,1.5916373668864354,True
CTA,Fix. duration (s),B,18,-0.7105945049035322,-1.5338645700725537,-0.22117414170883407,True
CTA,Fix. duration (s),C,18,-0.5503464587812951,-1.2924182216589395,-0.07584263741537012,True
CTA,Fix. duration (s),D,17,-0.704057578618629,-1.4496713671580619,-0.227454079017077,True
CTA,Fix. duration (s),E,17,-0.3618442964362279,-1.5180600901686285,0.11302882321171132,False
CTA,FFD (s),B,18,-0.6275401869920321,-1.6007977531240545,-0.1534719525807647,True
CTA,FFD (s),C,18,-0.4730845318597935,-1.1319642022361736,-0.019946085086761118,True
CTA,FFD (s),D,17,-0.684052432640192,-1.4860682407907388,-0.18694885732514493,True
CTA,FFD (s),E,17,-0.22717509149719187,-1.2043807508140463,0.21625592312876185,False
CTA,K-coefficient,B,18,0.03766453591120695,-0.4427139828622037,0.5441576881590201,False
CTA,K-coefficient,C,18,0.1588980295310069,-0.32519015175953403,0.665172381714769,False
CTA,K-coefficient,D,17,-0.30218038280913184,-0.72123839818856,0.18744482860792183,False
CTA,K-coefficient,E,17,0.1379188705710133,-0.31179283835686905,0.767861784862728,False
CTA,Revisits,B,20,0.3886038814121217,-0.03360317377154781,0.9449414131890193,False
CTA,Revisits,C,20,1.0379308130931921,0.695510113628633,1.576717555648413,True
CTA,Revisits,D,19,0.3665297607120581,-0.07469139098621405,0.7880023458293103,False
CTA,Revisits,E,18,0.46837860772282053,0.040973457924277416,0.9844279422635122,True
Headline,VAI (%),B,20,0.5695095151663139,0.11152505672638569,1.2997456964838143,True
Headline,VAI (%),C,20,0.9852009727254226,0.6075968413876072,1.7065002746305507,True
Headline,VAI (%),D,19,0.17468300801857523,-0.3140512067089213,0.6261182944320448,False
Headline,VAI (%),E,18,0.19132881422066592,-0.3158716024885554,0.6388109023178603,False
Headline,TTFF (s),B,20,0.12666550112129935,-0.4429981938313434,0.49828733325886265,False
Headline,TTFF (s),C,20,-0.09385585333890811,-0.5997445341188091,0.32401328453285705,False
Headline,TTFF (s),D,19,0.2562878752685597,-0.2019524178269503,0.7057820451787143,False
Headline,TTFF (s),E,18,0.36944780134769123,-0.05541862921299759,0.9722007034329307,False
Headline,Time spent (s),B,20,0.11975264222379708,-0.2768612202933012,0.8759561385584586,False
Headline,Time spent (s),C,20,0.34939888806717906,-0.08679884177230276,1.299382541084459,False
Headline,Time spent (s),D,19,0.06966860440543113,-0.36182512318797966,0.6270909176760535,False
Headline,Time spent (s),E,18,0.021593772266405947,-0.5172673528951308,0.4804209557074247,False
Headline,Fixations,B,20,0.42299491777796067,-0.03190848209948415,1.5673525744117744,False
Headline,Fixations,C,20,1.075346461233818,0.4532845572917986,2.7406789651794723,True
Headline,Fixations,D,19,0.561355650546147,0.16920413209000731,1.0700839048388546,True
Headline,Fixations,E,18,0.4614385046189976,0.022490242671142063,1.0105142852146753,True
Headline,Fix. duration (s),B,20,-0.723784119802646,-1.3688076649365302,-0.3119204652148424,True
Headline,Fix. duration (s),C,20,-0.821151982819032,-1.557580403636107,-0.36957824414786855,True
Headline,Fix. duration (s),D,19,-0.7061171316461299,-1.48123659423467,-0.2606220714596283,True
Headline,Fix. duration (s),E,18,-0.7919934777276282,-1.5725521436389756,-0.3656436353269011,True
Headline,FFD (s),B,20,-0.7849528676213481,-1.6401995343517595,-0.32058822208850585,True
Headline,FFD (s),C,20,-0.7716210558742272,-1.3995719768455839,-0.3414200877126004,True
Headline,FFD (s),D,19,-0.7595137926422206,-1.7134077171596338,-0.2760659901786984,True
Headline,FFD (s),E,18,-0.6907911032354651,-1.3486625625613795,-0.312677426813796,True
Headline,K-coefficient,B,20,0.41305265137433167,-0.02067103108300626,0.9953497025500702,False
Headline,K-coefficient,C,20,0.3711530973633938,-0.057593881894411274,0.9276697785885253,False
Headline,K-coefficient,D,19,0.8692131829486601,0.4559787242474555,1.5696032539803915,True
Headline,K-coefficient,E,18,0.36330785489487016,-0.08106191823017349,0.9717793467726671,False
Headline,Revisits,B,20,0.3605431289493402,-0.08015913202681492,1.4269720455769983,False
Headline,Revisits,C,20,1.0826489920633375,0.6820238233698999,1.7041804795090267,True
Headline,Revisits,D,19,0.26740155277712285,-0.1756161550488791,1.019027406872683,False
Headline,Revisits,E,18,0.23188112169979466,-0.24684208022690374,0.7753495670338255,False
Product,VAI (%),B,20,-0.33567127933150054,-0.7365168047947083,0.0930532851371224,False
Product,VAI (%),C,20,0.024556551799488305,-0.4841962443186033,0.4532738806138019,False
Product,VAI (%),D,19,0.16415356960039115,-0.36335884553031533,0.588781080656792,False
Product,VAI (%),E,18,0.16436299965329038,-0.4004715298838399,0.5420949494635793,False
Product,TTFF (s),B,20,0.3330027988686925,-0.0819469330094259,0.7207831840791271,False
Product,TTFF (s),C,20,0.3083440624508261,-0.12398975970299246,0.7100285121313051,False
Product,TTFF (s),D,19,0.04152993589721275,-0.4523248508078827,0.476586090480558,False
Product,TTFF (s),E,18,-0.2846731473068018,-0.874530323174805,0.16204519487680344,False
Product,Time spent (s),B,20,-0.2869851786209196,-0.7583156043975219,0.1299088860056497,False
Product,Time spent (s),C,20,0.04245468216752144,-0.5395856070033649,0.42186562250478055,False
Product,Time spent (s),D,19,-0.3179529491268899,-0.8564993743743505,0.12138021123365177,False
Product,Time spent (s),E,18,-0.058218086750500914,-0.5446838408753146,0.47668630567945364,False
Product,Fixations,B,20,-0.011045634254677332,-0.4496964159602848,0.495309622921159,False
Product,Fixations,C,20,0.3583096879608097,-0.06155332283905375,0.7534196014518015,False
Product,Fixations,D,19,0.2723979488353649,-0.18326157776888985,0.7390860053248763,False
Product,Fixations,E,18,0.19826139221494724,-0.2365896530230082,0.8575954863691818,False
Product,Fix. duration (s),B,20,-1.0437697035424423,-2.0413210271264917,-0.5340657140038418,True
Product,Fix. duration (s),C,20,-1.0040539692264345,-1.9788539885604768,-0.5122226540697914,True
Product,Fix. duration (s),D,19,-1.4905554680158146,-2.5187191094892203,-0.9877730520413657,True
Product,Fix. duration (s),E,18,-0.9774466727868814,-2.1384601276903115,-0.45695137393082863,True
Product,FFD (s),B,20,-0.823226677002989,-1.6272158024617378,-0.3810359169302138,True
Product,FFD (s),C,20,-0.7324237957469004,-1.5520579850040004,-0.27006702331418303,True
Product,FFD (s),D,19,-1.0834504767822708,-2.002716069476656,-0.6116844196987453,True
Product,FFD (s),E,18,-0.5608380952353461,-1.5892067423334344,-0.08550280913720008,True
Product,K-coefficient,B,20,-0.2857777202610904,-0.7529090185280161,0.15566487005666918,False
Product,K-coefficient,C,20,0.27369650752358154,-0.17443714393089216,0.8726302637654128,False
Product,K-coefficient,D,19,-0.2343845134263257,-0.7060678285786145,0.2231432400827684,False
Product,K-coefficient,E,18,-0.16673995097934402,-0.7516163729196079,0.3164216969083312,False
Product,Revisits,B,20,0.07507065215353681,-0.3833352649353934,0.56408508466074,False
Product,Revisits,C,20,0.37610524614839713,-0.030424992363296616,0.7959808621412368,False
Product,Revisits,D,19,0.2787343031453577,-0.17581772989685132,0.7694369114442852,False
Product,Revisits,E,18,0.28602519610386873,-0.1700430705228041,0.8715106841725063,False
