AOI,metric,eta_sq,p,df,n_A,n_C,mean_A,sd_A,mean_C,sd_C,F,levene_p,significant_raw,q_FDR,significant_FDR,eta_band
CTA,VAI (%),0.0274,0.3135,"1, 37",20,19,19.265,15.6861,24.4211,15.8173,1.0442,0.9907,False,0.6111529411764706,False,small
CTA,TTFF (s),0.0181,0.4275,"1, 35",18,19,3.2989,1.066,3.0474,0.8313,0.6445,0.4017,False,0.6111529411764706,False,small
CTA,Time spent (s),0.0012,0.833,"1, 37",20,19,0.4535,0.2864,0.4363,0.2112,0.0451,0.3883,False,0.8465,False,negligible
CTA,Fixations,0.0274,0.3138,"1, 37",20,19,15.3,16.5819,20.8947,17.6349,1.0427,0.544,False,0.6111529411764706,False,small
CTA,Fix. duration (s),0.2196,0.0034,"1, 35",18,19,0.2778,0.0701,0.2221,0.0319,9.8472,0.0232,True,0.0136,True,large
CTA,FFD (s),0.1926,0.0066,"1, 35",18,19,0.28,0.0719,0.2258,0.0379,8.3498,0.0452,True,0.02262857142857143,True,large
CTA,K-coefficient,0.0281,0.3217,"1, 35",18,19,0.2072,0.4247,0.0279,0.6338,1.0103,0.6773,False,0.6111529411764706,False,small
CTA,Revisits,0.0399,0.2229,"1, 37",20,19,0.211,0.2599,0.3295,0.3341,1.537,0.3009,False,0.6111529411764706,False,small
Headline,VAI (%),0.0052,0.6635,"1, 37",20,19,39.61,14.3687,41.5368,12.9809,0.1924,0.9205,False,0.7582857142857142,False,negligible
Headline,TTFF (s),0.0167,0.4329,"1, 37",20,19,1.644,0.6883,1.8216,0.7104,0.6286,0.9903,False,0.6111529411764706,False,small
Headline,Time spent (s),0.001,0.8465,"1, 37",20,19,0.726,0.4763,0.7521,0.346,0.038,0.8307,False,0.8465,False,negligible
Headline,Fixations,0.019,0.4023,"1, 37",20,19,37.25,39.6058,47.5789,36.346,0.7178,0.7694,False,0.6111529411764706,False,small
Headline,Fix. duration (s),0.2444,0.0014,"1, 37",20,19,0.2695,0.0495,0.2247,0.0278,11.966,0.0639,True,0.008159999999999999,True,large
Headline,FFD (s),0.2356,0.0017,"1, 37",20,19,0.275,0.0538,0.2258,0.0347,11.4029,0.2609,True,0.008159999999999999,True,large
Headline,K-coefficient,0.2437,0.0014,"1, 37",20,19,-0.0945,0.2966,0.2163,0.2635,11.9227,0.3591,True,0.008159999999999999,True,large
Headline,Revisits,0.0111,0.5241,"1, 37",20,19,0.5665,0.6003,0.6721,0.3998,0.4135,0.8601,False,0.662021052631579,False,small
Product,VAI (%),0.0096,0.5524,"1, 37",20,19,50.52,12.0474,52.7,10.5589,0.3596,0.5479,False,0.66288,False,negligible
Product,TTFF (s),0.0017,0.802,"1, 37",20,19,2.0695,0.6946,2.1163,0.4229,0.0638,0.094,False,0.8465,False,negligible
Product,Time spent (s),0.014,0.4724,"1, 37",20,19,1.033,0.4783,0.9368,0.3315,0.5271,0.1102,False,0.6298666666666667,False,small
Product,Fixations,0.0173,0.4242,"1, 37",20,19,68.7,41.4337,78.5789,34.3694,0.653,0.4416,False,0.6111529411764706,False,small
Product,Fix. duration (s),0.4474,0.0,"1, 37",20,19,0.2605,0.0395,0.2063,0.0177,29.9526,0.004,True,0.0,True,large
Product,FFD (s),0.3117,0.0002,"1, 37",20,19,0.2595,0.0543,0.2042,0.0232,16.7593,0.0099,True,0.0024000000000000002,True,large
Product,K-coefficient,0.0226,0.3609,"1, 37",20,19,0.1145,0.2421,0.0421,0.2465,0.8557,0.8943,False,0.6111529411764706,False,small
Product,Revisits,0.0257,0.3298,"1, 37",20,19,1.135,0.672,1.3253,0.5166,0.9751,0.2624,False,0.6111529411764706,False,small
