comparison,AOI,metric,eta_sq,p,df,n_A,n_C,mean_A,sd_A,mean_C,sd_C,F,levene_p,significant_raw,q_FDR,significant_FDR,eta_band,q_global_FDR,significant_global_FDR
A_vs_B,CTA,VAI (%),0.0588,0.1317,"1, 38",20,20,19.265,15.6861,26.68,14.7408,2.3733,0.611,False,0.2873454545454545,False,small,0.3010285714285715,False
A_vs_B,CTA,TTFF (s),0.0401,0.228,"1, 36",18,20,3.2989,1.066,2.9015,0.9316,1.504,0.7223,False,0.342,False,small,0.4361411764705882,False
A_vs_B,CTA,Time spent (s),0.0135,0.4759,"1, 38",20,20,0.4535,0.2864,0.512,0.2236,0.5185,0.4107,False,0.6011368421052632,False,small,0.6341189189189189,False
A_vs_B,CTA,Fixations,0.0471,0.1783,"1, 38",20,20,15.3,16.5819,22.95,18.642,1.8803,0.7609,False,0.3065142857142857,False,small,0.38143999999999995,False
A_vs_B,CTA,Fix. duration (s),0.1459,0.018,"1, 36",18,20,0.2778,0.0701,0.232,0.0415,6.1491,0.0945,True,0.0863999999999999,False,large,0.06435555555555555,False
A_vs_B,CTA,FFD (s),0.1326,0.0246,"1, 36",18,20,0.28,0.0719,0.2345,0.0461,5.5034,0.0902,True,0.0984,False,medium,0.08434285714285714,False
A_vs_B,CTA,K-coefficient,0.0025,0.7647,"1, 36",18,20,0.2072,0.4247,0.253,0.5022,0.0909,0.8931,False,0.8342181818181819,False,negligible,0.8438068965517241,False
A_vs_B,CTA,Revisits,0.0471,0.1788,"1, 38",20,20,0.211,0.2599,0.3415,0.3376,1.8766,0.4997,False,0.3065142857142857,False,small,0.38143999999999995,False
A_vs_B,Headline,VAI (%),0.1014,0.0452,"1, 38",20,20,39.61,14.3687,48.285,12.0248,4.2874,0.6542,True,0.1549714285714285,False,medium,0.12397714285714286,False
A_vs_B,Headline,TTFF (s),0.0042,0.6905,"1, 38",20,20,1.644,0.6883,1.7375,0.7826,0.161,0.5285,False,0.7891428571428571,False,negligible,0.7891428571428571,False
A_vs_B,Headline,Time spent (s),0.0063,0.6251,"1, 38",20,20,0.726,0.4763,0.785,0.245,0.2427,0.7741,False,0.7501199999999999,False,negligible,0.7501199999999999,False
A_vs_B,Headline,Fixations,0.0736,0.0905,"1, 38",20,20,37.25,39.6058,54.9,22.2803,3.0171,0.9324,False,0.2626666666666666,False,medium,0.22863157894736844,False
A_vs_B,Headline,Fix. duration (s),0.3015,0.0002,"1, 38",20,20,0.2695,0.0495,0.219,0.0257,16.4045,0.0353,True,0.0024,True,large,0.002742857142857143,True
A_vs_B,Headline,FFD (s),0.2905,0.0003,"1, 38",20,20,0.275,0.0538,0.222,0.0269,15.5555,0.0663,True,0.0024,True,large,0.0036,True
A_vs_B,Headline,K-coefficient,0.0702,0.0985,"1, 38",20,20,-0.0945,0.2966,0.0645,0.2972,2.8682,0.9729,False,0.2626666666666666,False,medium,0.2364,False
A_vs_B,Headline,Revisits,0.0599,0.1281,"1, 38",20,20,0.5665,0.6003,0.811,0.3657,2.4199,0.8464,False,0.2873454545454545,False,small,0.2999414634146341,False
A_vs_B,Product,VAI (%),0.0296,0.2881,"1, 38",20,20,50.52,12.0474,45.73,15.8154,1.1609,0.4885,False,0.4067294117647059,False,small,0.502552380952381,False
A_vs_B,Product,TTFF (s),0.0508,0.1622,"1, 38",20,20,2.0695,0.6946,2.349,0.5353,2.0317,0.3333,False,0.3065142857142857,False,small,0.36212093023255815,False
A_vs_B,Product,Time spent (s),0.025,0.3295,"1, 38",20,20,1.033,0.4783,0.895,0.4021,0.9756,0.4685,False,0.4393333333333333,False,small,0.502552380952381,False
A_vs_B,Product,Fixations,0.0,0.9754,"1, 38",20,20,68.7,41.4337,68.3,39.929,0.001,0.8594,False,0.9754,False,negligible,0.9754,False
A_vs_B,Product,Fix. duration (s),0.3844,0.0,"1, 38",20,20,0.2605,0.0395,0.209,0.0259,23.7282,0.0944,True,0.0,True,large,0.0,True
A_vs_B,Product,FFD (s),0.2531,0.0009,"1, 38",20,20,0.2595,0.0543,0.21,0.0292,12.8791,0.0505,True,0.0054,True,large,0.00864,True
A_vs_B,Product,K-coefficient,0.0439,0.1942,"1, 38",20,20,0.1145,0.2421,0.0025,0.2916,1.7464,0.2658,False,0.31072,False,small,0.40528695652173913,False
A_vs_B,Product,Revisits,0.0016,0.8059,"1, 38",20,20,1.135,0.672,1.1885,0.6955,0.0612,0.7278,False,0.8409391304347825,False,negligible,0.8596266666666667,False
A_vs_C,CTA,VAI (%),0.2119,0.0028,"1, 38",20,20,19.265,15.6861,33.87,13.0994,10.2146,0.1865,True,0.0116,True,large,0.016,True
A_vs_C,CTA,TTFF (s),0.128,0.0274,"1, 36",18,20,3.2989,1.066,2.637,0.6863,5.2857,0.1286,True,0.0548,False,medium,0.08768000000000001,False
A_vs_C,CTA,Time spent (s),0.1087,0.0377,"1, 38",20,20,0.4535,0.2864,0.6285,0.2238,4.6366,0.4265,True,0.0646285714285714,False,medium,0.10729411764705882,False
A_vs_C,CTA,Fixations,0.2193,0.0023,"1, 38",20,20,15.3,16.5819,33.55,18.6871,10.6722,0.3247,True,0.0116,True,large,0.01472,True
A_vs_C,CTA,Fix. duration (s),0.1455,0.0181,"1, 36",18,20,0.2778,0.0701,0.234,0.0349,6.1321,0.0334,True,0.0394909090909091,True,large,0.06435555555555555,False
A_vs_C,CTA,FFD (s),0.1163,0.0361,"1, 36",18,20,0.28,0.0719,0.2415,0.0313,4.7398,0.0144,True,0.0646285714285714,False,medium,0.10729411764705882,False
A_vs_C,CTA,K-coefficient,0.0091,0.5683,"1, 36",18,20,0.2072,0.4247,0.2875,0.4329,0.3317,0.4084,False,0.6494857142857143,False,negligible,0.6994461538461538,False
A_vs_C,CTA,Revisits,0.2101,0.0029,"1, 38",20,20,0.211,0.2599,0.551,0.4016,10.1055,0.1214,True,0.0116,True,large,0.016,True
A_vs_C,Headline,VAI (%),0.1951,0.0043,"1, 38",20,20,39.61,14.3687,51.625,10.3464,9.2093,0.4535,True,0.0147428571428571,True,large,0.02064,True
A_vs_C,Headline,TTFF (s),0.0027,0.7515,"1, 38",20,20,1.644,0.6883,1.58,0.5755,0.1018,0.2501,False,0.8198181818181818,False,negligible,0.8388837209302324,False
A_vs_C,Headline,Time spent (s),0.0274,0.3077,"1, 38",20,20,0.726,0.4763,0.852,0.265,1.0689,0.7648,False,0.37848,False,small,0.502552380952381,False
A_vs_C,Headline,Fixations,0.143,0.0161,"1, 38",20,20,37.25,39.6058,64.25,27.0377,6.3401,0.6949,True,0.0394909090909091,True,large,0.06435555555555555,False
A_vs_C,Headline,Fix. duration (s),0.3319,0.0001,"1, 38",20,20,0.2695,0.0495,0.215,0.0265,18.8761,0.0339,True,0.0012,True,large,0.0024000000000000002,True
A_vs_C,Headline,FFD (s),0.279,0.0005,"1, 38",20,20,0.275,0.0538,0.2195,0.0361,14.7056,0.2464,True,0.004,True,large,0.005333333333333333,True
A_vs_C,Headline,K-coefficient,0.0722,0.0936,"1, 38",20,20,-0.0945,0.2966,0.061,0.2749,2.9571,0.892,False,0.14976,False,medium,0.2304,False
A_vs_C,Headline,Revisits,0.1386,0.018,"1, 38",20,20,0.5665,0.6003,1.008,0.5267,6.1135,0.6146,True,0.0394909090909091,True,medium,0.06435555555555555,False
A_vs_C,Product,VAI (%),0.0002,0.9367,"1, 38",20,20,50.52,12.0474,50.86,14.714,0.0064,0.6369,False,0.9367,False,negligible,0.9566297872340426,False
A_vs_C,Product,TTFF (s),0.0289,0.2946,"1, 38",20,20,2.0695,0.6946,2.2945,0.6435,1.1293,0.718,False,0.37848,False,small,0.502552380952381,False
A_vs_C,Product,Time spent (s),0.0005,0.8884,"1, 38",20,20,1.033,0.4783,1.053,0.4146,0.02,0.5288,False,0.9270260869565216,False,negligible,0.917058064516129,False
A_vs_C,Product,Fixations,0.0265,0.3154,"1, 38",20,20,68.7,41.4337,82.0,41.2387,1.0352,0.7677,False,0.37848,False,small,0.502552380952381,False
A_vs_C,Product,Fix. duration (s),0.346,0.0001,"1, 38",20,20,0.2605,0.0395,0.2145,0.0233,20.107,0.0407,True,0.0012,True,large,0.0024000000000000002,True
A_vs_C,Product,FFD (s),0.1888,0.0051,"1, 38",20,20,0.2595,0.0543,0.219,0.0275,8.8442,0.0253,True,0.0153,True,large,0.023314285714285714,True
A_vs_C,Product,K-coefficient,0.0394,0.2197,"1, 38",20,20,0.1145,0.2421,0.2055,0.2185,1.557,0.4079,False,0.32955,False,small,0.4361411764705882,False
A_vs_C,Product,Revisits,0.0326,0.2651,"1, 38",20,20,1.135,0.672,1.364,0.6068,1.2794,0.9159,False,0.3742588235294117,False,small,0.48941538461538464,False
A_vs_D,CTA,VAI (%),0.0274,0.3135,"1, 37",20,19,19.265,15.6861,24.4211,15.8173,1.0442,0.9907,False,0.6111529411764706,False,small,0.502552380952381,False
A_vs_D,CTA,TTFF (s),0.0181,0.4275,"1, 35",18,19,3.2989,1.066,3.0474,0.8313,0.6445,0.4017,False,0.6111529411764706,False,small,0.6031304347826086,False
A_vs_D,CTA,Time spent (s),0.0012,0.833,"1, 37",20,19,0.4535,0.2864,0.4363,0.2112,0.0451,0.3883,False,0.8465,False,negligible,0.8787692307692307,False
A_vs_D,CTA,Fixations,0.0274,0.3138,"1, 37",20,19,15.3,16.5819,20.8947,17.6349,1.0427,0.544,False,0.6111529411764706,False,small,0.502552380952381,False
A_vs_D,CTA,Fix. duration (s),0.2196,0.0034,"1, 35",18,19,0.2778,0.0701,0.2221,0.0319,9.8472,0.0232,True,0.0136,True,large,0.017178947368421054,True
A_vs_D,CTA,FFD (s),0.1926,0.0066,"1, 35",18,19,0.28,0.0719,0.2258,0.0379,8.3498,0.0452,True,0.0226285714285714,True,large,0.028800000000000003,True
A_vs_D,CTA,K-coefficient,0.0281,0.3217,"1, 35",18,19,0.2072,0.4247,0.0279,0.6338,1.0103,0.6773,False,0.6111529411764706,False,small,0.502552380952381,False
A_vs_D,CTA,Revisits,0.0399,0.2229,"1, 37",20,19,0.211,0.2599,0.3295,0.3341,1.537,0.3009,False,0.6111529411764706,False,small,0.4361411764705882,False
A_vs_D,Headline,VAI (%),0.0052,0.6635,"1, 37",20,19,39.61,14.3687,41.5368,12.9809,0.1924,0.9205,False,0.7582857142857142,False,negligible,0.7726265060240964,False
A_vs_D,Headline,TTFF (s),0.0167,0.4329,"1, 37",20,19,1.644,0.6883,1.8216,0.7104,0.6286,0.9903,False,0.6111529411764706,False,small,0.6031304347826086,False
A_vs_D,Headline,Time spent (s),0.001,0.8465,"1, 37",20,19,0.726,0.4763,0.7521,0.346,0.038,0.8307,False,0.8465,False,negligible,0.8833043478260869,False
A_vs_D,Headline,Fixations,0.019,0.4023,"1, 37",20,19,37.25,39.6058,47.5789,36.346,0.7178,0.7694,False,0.6111529411764706,False,small,0.5941661538461538,False
A_vs_D,Headline,Fix. duration (s),0.2444,0.0014,"1, 37",20,19,0.2695,0.0495,0.2247,0.0278,11.966,0.0639,True,0.0081599999999999,True,large,0.01033846153846154,True
A_vs_D,Headline,FFD (s),0.2356,0.0017,"1, 37",20,19,0.275,0.0538,0.2258,0.0347,11.4029,0.2609,True,0.0081599999999999,True,large,0.011657142857142856,True
A_vs_D,Headline,K-coefficient,0.2437,0.0014,"1, 37",20,19,-0.0945,0.2966,0.2163,0.2635,11.9227,0.3591,True,0.0081599999999999,True,large,0.01033846153846154,True
A_vs_D,Headline,Revisits,0.0111,0.5241,"1, 37",20,19,0.5665,0.6003,0.6721,0.3998,0.4135,0.8601,False,0.662021052631579,False,small,0.670848,False
A_vs_D,Product,VAI (%),0.0096,0.5524,"1, 37",20,19,50.52,12.0474,52.7,10.5589,0.3596,0.5479,False,0.66288,False,negligible,0.6899532467532468,False
A_vs_D,Product,TTFF (s),0.0017,0.802,"1, 37",20,19,2.0695,0.6946,2.1163,0.4229,0.0638,0.094,False,0.8465,False,negligible,0.8596266666666667,False
A_vs_D,Product,Time spent (s),0.014,0.4724,"1, 37",20,19,1.033,0.4783,0.9368,0.3315,0.5271,0.1102,False,0.6298666666666667,False,small,0.6341189189189189,False
A_vs_D,Product,Fixations,0.0173,0.4242,"1, 37",20,19,68.7,41.4337,78.5789,34.3694,0.653,0.4416,False,0.6111529411764706,False,small,0.6031304347826086,False
A_vs_D,Product,Fix. duration (s),0.4474,0.0,"1, 37",20,19,0.2605,0.0395,0.2063,0.0177,29.9526,0.004,True,0.0,True,large,0.0,True
A_vs_D,Product,FFD (s),0.3117,0.0002,"1, 37",20,19,0.2595,0.0543,0.2042,0.0232,16.7593,0.0099,True,0.0024,True,large,0.002742857142857143,True
A_vs_D,Product,K-coefficient,0.0226,0.3609,"1, 37",20,19,0.1145,0.2421,0.0421,0.2465,0.8557,0.8943,False,0.6111529411764706,False,small,0.54135,False
A_vs_D,Product,Revisits,0.0257,0.3298,"1, 37",20,19,1.135,0.672,1.3253,0.5166,0.9751,0.2624,False,0.6111529411764706,False,small,0.502552380952381,False
A_vs_E,CTA,VAI (%),0.089,0.0688,"1, 36",20,18,19.265,15.6861,28.2222,13.5106,3.518,0.3003,False,0.1834666666666666,False,medium,0.1785081081081081,False
A_vs_E,CTA,TTFF (s),0.0146,0.4828,"1, 34",18,18,3.2989,1.066,3.0756,0.8042,0.5035,0.3673,False,0.6900705882352941,False,small,0.6341189189189189,False
A_vs_E,CTA,Time spent (s),0.1141,0.038,"1, 36",20,18,0.4535,0.2864,0.6322,0.2157,4.6377,0.4533,True,0.1302857142857142,False,medium,0.10729411764705882,False
A_vs_E,CTA,Fixations,0.1304,0.0259,"1, 36",20,18,15.3,16.5819,28.0,17.0983,5.396,0.6764,True,0.1243199999999999,False,medium,0.08573793103448277,False
A_vs_E,CTA,Fix. duration (s),0.0945,0.0682,"1, 34",18,18,0.2778,0.0701,0.2428,0.0361,3.5473,0.038,False,0.1834666666666666,False,medium,0.1785081081081081,False
A_vs_E,CTA,FFD (s),0.0437,0.2211,"1, 34",18,18,0.28,0.0719,0.2544,0.0489,1.5535,0.2217,False,0.5055272727272727,False,small,0.4361411764705882,False
A_vs_E,CTA,K-coefficient,0.0034,0.7355,"1, 34",18,18,0.2072,0.4247,0.2628,0.5465,0.116,0.7824,False,0.8023636363636364,False,negligible,0.8306823529411765,False
A_vs_E,CTA,Revisits,0.1159,0.0365,"1, 36",20,18,0.211,0.2599,0.4111,0.3077,4.7212,0.5603,True,0.1302857142857142,False,medium,0.10729411764705882,False
A_vs_E,Headline,VAI (%),0.0059,0.6461,"1, 36",20,18,39.61,14.3687,42.0111,17.5692,0.2144,0.1149,False,0.7634285714285715,False,negligible,0.7657481481481482,False
A_vs_E,Headline,TTFF (s),0.033,0.2749,"1, 36",20,18,1.644,0.6883,1.8856,0.6502,1.2293,0.6971,False,0.5498,False,small,0.49793207547169804,False
A_vs_E,Headline,Time spent (s),0.0001,0.9651,"1, 36",20,18,0.726,0.4763,0.7328,0.4715,0.0019,0.6228,False,0.9651,False,negligible,0.975258947368421,False
A_vs_E,Headline,Fixations,0.0159,0.4511,"1, 36",20,18,37.25,39.6058,47.0,39.1528,0.5804,0.4558,False,0.6900705882352941,False,small,0.6186514285714286,False
A_vs_E,Headline,Fix. duration (s),0.2491,0.0014,"1, 36",20,18,0.2695,0.0495,0.2217,0.0333,11.9418,0.1013,True,0.0168,True,large,0.01033846153846154,True
A_vs_E,Headline,FFD (s),0.2196,0.003,"1, 36",20,18,0.275,0.0538,0.225,0.0415,10.1323,0.2336,True,0.024,True,large,0.016,True
A_vs_E,Headline,K-coefficient,0.0395,0.2317,"1, 36",20,18,-0.0945,0.2966,0.0272,0.3202,1.4798,0.7983,False,0.5055272727272727,False,small,0.4361411764705882,False
A_vs_E,Headline,Revisits,0.0098,0.5534,"1, 36",20,18,0.5665,0.6003,0.6767,0.5268,0.3579,0.7365,False,0.7378666666666667,False,negligible,0.6899532467532468,False
A_vs_E,Product,VAI (%),0.002,0.7906,"1, 36",20,18,50.52,12.0474,51.4444,8.7993,0.0715,0.2276,False,0.8249739130434782,False,negligible,0.8596266666666667,False
A_vs_E,Product,TTFF (s),0.0264,0.3296,"1, 36",20,18,2.0695,0.6946,1.8367,0.7578,0.9767,0.905,False,0.6084923076923078,False,small,0.502552380952381,False
A_vs_E,Product,Time spent (s),0.0069,0.6197,"1, 36",20,18,1.033,0.4783,0.9617,0.3896,0.2505,0.3507,False,0.7634285714285715,False,negligible,0.7501199999999999,False
A_vs_E,Product,Fixations,0.0052,0.668,"1, 36",20,18,68.7,41.4337,74.1111,34.9653,0.187,0.5533,False,0.7634285714285715,False,negligible,0.7726265060240964,False
A_vs_E,Product,Fix. duration (s),0.3166,0.0002,"1, 36",20,18,0.2605,0.0395,0.2167,0.0238,16.676,0.0405,True,0.0048,True,large,0.002742857142857143,True
A_vs_E,Product,FFD (s),0.1715,0.0097,"1, 36",20,18,0.2595,0.0543,0.2183,0.0355,7.4535,0.1136,True,0.0582,False,large,0.04048695652173913,True
A_vs_E,Product,K-coefficient,0.0171,0.4335,"1, 36",20,18,0.1145,0.2421,0.0539,0.2279,0.6275,0.8928,False,0.6900705882352941,False,small,0.6031304347826086,False
A_vs_E,Product,Revisits,0.0134,0.4888,"1, 36",20,18,1.135,0.672,1.3189,0.9394,0.4891,0.5633,False,0.6900705882352941,False,small,0.6341189189189189,False
