AOI,metric,n_images_complete,F,df1,df2,p_omnibus,q_omnibus_FDR,significant_omnibus_FDR,eta_sq,eta_band
CTA,FFD (s),16,2.784857571214392,4.0,60.0,0.03442834792962847,0.05508535668740555,False,0.15658587987355108,large
CTA,Fix. duration (s),16,3.1824366460683704,4.0,60.0,0.0194586986706595,0.03700591874865145,True,0.17502806186081313,large
CTA,Fixations,17,4.022171150466408,4.0,64.0,0.005680338856392516,0.017041016569177548,True,0.20088586398746838,large
CTA,K-coefficient,16,0.9723554579717231,4.0,60.0,0.4294280477040635,0.4480988323868489,False,0.06087739911187772,medium
CTA,Revisits,17,3.1456540332274563,4.0,64.0,0.020044872655519536,0.03700591874865145,True,0.16430120526403252,large
CTA,TTFF (s),16,3.237228083297542,4.0,60.0,0.01799065509369463,0.03700591874865145,True,0.17750658534902783,large
CTA,Time spent (s),17,3.6236627186214267,4.0,64.0,0.010052996305624564,0.02680799014833217,True,0.18465781697230432,large
CTA,VAI (%),17,3.2835990246416107,4.0,64.0,0.016417567378801897,0.03700591874865145,True,0.17027936644221098,large
Headline,FFD (s),17,5.455960382030422,4.0,64.0,0.0007640404142645684,0.003667393988469928,True,0.2542864679504089,large
Headline,Fix. duration (s),17,6.896861444245978,4.0,64.0,0.00011114855186472609,0.0008891884149178087,True,0.301214271704438,large
Headline,Fixations,17,4.3082372440571515,4.0,64.0,0.0037825532368752387,0.012968753955000818,True,0.21214235348357874,large
Headline,K-coefficient,17,2.9404821914651524,4.0,64.0,0.026986829161741024,0.04626313570584175,True,0.15524853917342057,large
Headline,Revisits,17,5.2068214133693225,4.0,64.0,0.0010762148445188169,0.0043048593780752676,True,0.24552578209984874,large
Headline,TTFF (s),17,1.4817042777636236,4.0,64.0,0.21816978210991525,0.2865896335674076,False,0.08475742720624337,medium
Headline,Time spent (s),17,0.722142414013533,4.0,64.0,0.579994791551971,0.579994791551971,False,0.04318480228994829,small
Headline,VAI (%),17,5.733294257213875,4.0,64.0,0.0005234444350619922,0.003140666610371953,True,0.2638023573122532,large
Product,FFD (s),17,7.276863911062273,4.0,64.0,6.788963978228034e-05,0.000814675677387364,True,0.31262217878087784,large
Product,Fix. duration (s),17,13.008597235825436,4.0,64.0,8.262171787966249e-08,1.9829212291118998e-06,True,0.4484393757503,large
Product,Fixations,17,1.4532636921872593,4.0,64.0,0.226883459907531,0.2865896335674076,False,0.08326601361313271,medium
Product,K-coefficient,17,2.7110951176511717,4.0,64.0,0.03764251888927074,0.05646377833390611,False,0.14489238072942354,large
Product,Revisits,17,0.9810018542339305,4.0,64.0,0.4242812174983681,0.4480988323868489,False,0.05777055221210838,small
Product,TTFF (s),17,2.416066987566119,4.0,64.0,0.05772862597870272,0.0814992366758156,False,0.13119342958501196,medium
Product,Time spent (s),17,1.1523314070140411,4.0,64.0,0.34024012626726297,0.4082881515207155,False,0.06718220279622293,medium
Product,VAI (%),17,1.0942870722609248,4.0,64.0,0.36702025168598024,0.41945171621254884,False,0.06401478269524534,medium
