AOI,metric,n_complete_images,mean_A,mean_B,mean_C,mean_D,mean_E,F,df1,df2,p_uncorrected,mauchly_W,mauchly_p,sphericity_met,epsilon_GG,df1_GG,df2_GG,p_GG,partial_eta_sq,q_GG_FDR,significant_GG_FDR
CTA,VAI (%),17,21.635294117647057,26.68235294117647,34.48235294117647,26.129411764705882,28.388235294117646,3.2835990246416107,4.0,64.0,0.016417567378801897,0.5122250500680989,0.3831176477066745,True,0.7772437391829641,3.1089749567318563,49.7435993077097,0.02692301761814122,0.17027936644221098,0.06461524228353892,False
CTA,TTFF (s),16,3.1237500000000002,2.768125,2.516875,2.92375,3.076875,3.237228083297542,4.0,60.0,0.01799065509369463,0.30066187321409316,0.06620583454120713,True,0.6236414159857707,2.494565663943083,37.41848495914624,0.040601763377255205,0.17750658534902783,0.07081050841069729,False
CTA,Time spent (s),17,0.49764705882352944,0.5217647058823529,0.6376470588235295,0.4394117647058824,0.6394117647058823,3.6236627186214267,4.0,64.0,0.010052996305624564,0.277531351725564,0.030997736303928,False,0.6577622897616511,2.6310491590466043,42.09678654474567,0.024895160379316363,0.18465781697230432,0.06461524228353892,False
CTA,Fixations,17,17.529411764705884,23.294117647058822,34.35294117647059,22.41176470588235,28.470588235294116,4.022171150466408,4.0,64.0,0.005680338856392516,0.5080293344102027,0.3731025492382028,True,0.8029127883784473,3.211651153513789,51.386418456220625,0.01051969584412998,0.20088586398746838,0.03606752860844564,True
CTA,Fix. duration (s),16,0.27437500000000004,0.231875,0.23249999999999998,0.21875,0.24,3.1824366460683704,4.0,60.0,0.0194586986706595,0.2772972590741356,0.04705071982752444,False,0.6407277000589381,2.5629108002357524,38.44366200353628,0.04130612990624009,0.17502806186081313,0.07081050841069729,False
CTA,FFD (s),16,0.276875,0.23249999999999998,0.24,0.22,0.25125000000000003,2.784857571214392,4.0,60.0,0.03442834792962847,0.2653544603075788,0.038905009434970765,False,0.6497147980530347,2.5988591922121387,38.98288788318208,0.06074708008302633,0.15658587987355108,0.0911206201245395,False
CTA,K-coefficient,16,0.19437500000000002,0.234375,0.305,-0.03749999999999999,0.27062500000000006,0.9723554579717231,4.0,60.0,0.4294280477040635,0.3801216261582531,0.16661956861984623,True,0.7134881485392452,2.853952594156981,42.80928891235472,0.4113311561534191,0.06087739911187772,0.4292151194644373,False
CTA,Revisits,17,0.24823529411764705,0.3523529411764706,0.548235294117647,0.34470588235294114,0.4205882352941176,3.1456540332274563,4.0,64.0,0.020044872655519536,0.48787920983923744,0.3262568756608423,True,0.7392452782463761,2.9569811129855044,47.31169780776807,0.03426884186881852,0.16430120526403252,0.07081050841069729,False
Headline,VAI (%),17,38.55882352941177,48.09411764705882,51.62352941176471,41.476470588235294,40.93529411764706,5.733294257213875,4.0,64.0,0.0005234444350619922,0.4730372629111138,0.2932949946660931,True,0.8108584053156536,3.2434336212626143,51.89493794020183,0.0014137179491931337,0.2638023573122532,0.011150526550466385,True
Headline,TTFF (s),17,1.598823529411765,1.7676470588235293,1.576470588235294,1.9005882352941177,1.907058823529412,1.4817042777636236,4.0,64.0,0.21816978210991525,0.5520809437155303,0.481375607117917,True,0.7447758583353473,2.9791034333413893,47.66565493346223,0.2316110309157425,0.08475742720624337,0.3047881428013688,False
Headline,Time spent (s),17,0.7341176470588235,0.7770588235294118,0.8447058823529412,0.7370588235294118,0.7158823529411764,0.722142414013533,4.0,64.0,0.579994791551971,0.1547350123912881,0.001554963987703371,False,0.49971799427293456,1.9988719770917383,31.981951633467812,0.4933871213611988,0.04318480228994829,0.4933871213611988,False
Headline,Fixations,17,36.88235294117647,54.76470588235294,64.29411764705883,47.411764705882355,44.705882352941174,4.3082372440571515,4.0,64.0,0.0037825532368752387,0.16111874592626288,0.001934160179217553,False,0.4821576446022869,1.9286305784091475,30.85808925454636,0.023500432158169174,0.21214235348357874,0.06461524228353892,False
Headline,Fix. duration (s),17,0.27235294117647063,0.21647058823529414,0.21411764705882352,0.2235294117647059,0.22176470588235297,6.896861444245978,4.0,64.0,0.00011114855186472609,0.2421187296474405,0.015970000895094198,False,0.5938201394936872,2.3752805579747487,38.00448892759598,0.0017021708948261986,0.301214271704438,0.011150526550466385,True
Headline,FFD (s),17,0.27764705882352947,0.22058823529411764,0.22117647058823528,0.2258823529411765,0.2247058823529412,5.455960382030422,4.0,64.0,0.0007640404142645684,0.3973502035915329,0.151748687399527,True,0.7615439255146506,3.046175702058602,48.738811232937636,0.002468097643801118,0.2542864679504089,0.011846868690245366,True
Headline,K-coefficient,17,-0.1223529411764706,0.07176470588235292,0.06529411764705882,0.20764705882352943,0.014117647058823526,2.9404821914651524,4.0,64.0,0.026986829161741024,0.6322911910892691,0.6799925647537218,True,0.8199404440792469,3.2797617763169877,52.476188421071804,0.03734516975802998,0.15524853917342057,0.07081050841069729,False
Headline,Revisits,17,0.5458823529411765,0.7941176470588235,1.0305882352941178,0.6529411764705882,0.6076470588235294,5.2068214133693225,4.0,64.0,0.0010762148445188169,0.2667259824829427,0.025629861537178045,False,0.6523350754345114,2.6093403017380457,41.74944482780873,0.005374049622128083,0.24552578209984874,0.021496198488512332,True
Product,VAI (%),17,50.264705882352935,46.91764705882353,52.470588235294116,52.05294117647059,52.135294117647064,1.0942870722609248,4.0,64.0,0.36702025168598024,0.3218348025175837,0.0615774857352116,True,0.736034691771164,2.944138767084656,47.106220273354495,0.36013067955386213,0.06401478269524534,0.4115779194901282,False
Product,TTFF (s),17,2.1217647058823528,2.403529411764706,2.2947058823529405,2.125882352941176,1.8458823529411763,2.416066987566119,4.0,64.0,0.05772862597870272,0.7243466843763455,0.8648296015419025,True,0.8733326047437977,3.493330418975191,55.89328670360305,0.06714377945852286,0.13119342958501196,0.09479121805909109,False
Product,Time spent (s),17,1.0070588235294116,0.8752941176470589,1.0905882352941176,0.9123529411764705,0.9747058823529412,1.1523314070140411,4.0,64.0,0.34024012626726297,0.27218662612035316,0.02825016579937739,False,0.6963520446353526,2.7854081785414104,44.56653085666257,0.33650775444598413,0.06718220279622293,0.40380930533518095,False
Product,Fixations,17,66.82352941176471,68.0,86.0,76.17647058823529,76.17647058823529,1.4532636921872593,4.0,64.0,0.226883459907531,0.28829824197688253,0.03710901262472767,False,0.7016080068245534,2.8064320272982135,44.902912436771416,0.24129061305108362,0.08326601361313271,0.3047881428013688,False
Product,Fix. duration (s),17,0.26,0.20647058823529413,0.21588235294117647,0.20411764705882354,0.21588235294117647,13.008597235825436,4.0,64.0,8.262171787966249e-08,0.23413667289277945,0.013516796831259012,False,0.6750599061882846,2.7002396247531384,43.203833996050214,6.697182824987109e-06,0.4484393757503,0.00016073238779969063,True
Product,FFD (s),17,0.25764705882352945,0.20823529411764707,0.21823529411764706,0.20058823529411765,0.21647058823529414,7.276863911062273,4.0,64.0,6.788963978228034e-05,0.20148041329005492,0.00629637705283266,False,0.539659802279004,2.158639209116016,34.53822734585626,0.0018584210917443973,0.31262217878087784,0.011150526550466385,True
Product,K-coefficient,17,0.10705882352941176,0.005882352941176477,0.2335294117647059,0.00882352941176471,0.042941176470588246,2.7110951176511717,4.0,64.0,0.03764251888927074,0.6722770856766265,0.7688373245066745,True,0.8346558002932475,3.33862320117299,53.41797121876784,0.048501661183356415,0.14489238072942354,0.07760265789337026,False
Product,Revisits,17,1.0723529411764705,1.2029411764705884,1.4105882352941177,1.3211764705882354,1.3641176470588237,0.9810018542339305,4.0,64.0,0.4242812174983681,0.27600389889575266,0.030193657391464127,False,0.6404479987789262,2.561791995115705,40.98867192185128,0.4008100793584043,0.05777055221210838,0.4292151194644373,False
