AOI,metric,group1,group2,n,mean_group1,mean_group2,t,p_raw,mean_diff_group2_minus_group1,mean_diff_ci_low,mean_diff_ci_high,dz,dz_ci_low,dz_ci_high,q_posthoc_global_FDR,significant_posthoc_global_FDR
CTA,Fixations,A,C,17,17.529411764705884,34.35294117647059,-3.559392358161955,0.0026141238937188037,16.823529411764707,7.764705882352941,25.58823529411765,0.8632794503363569,0.41428634565551004,1.6102239335843678,0.015249056046693021,True
CTA,Fixations,C,D,17,34.35294117647059,22.41176470588235,2.8548046811249397,0.011466383361607409,-11.941176470588236,-20.11764705882353,-4.0,-0.6923918376932865,-1.4205462311326575,-0.24133496809080462,0.034897688491848634,True
Headline,VAI (%),A,C,17,38.55882352941177,51.62352941176471,-4.150803709260728,0.000752066685632934,13.064705882352941,7.276176470588233,19.32955882352941,1.00671777202868,0.5878355037207694,1.8890258586654238,0.005862358350639965,True
Headline,VAI (%),C,D,17,51.62352941176471,41.476470588235294,4.104390940959655,0.0008288877993014961,-10.147058823529413,-14.7125,-5.270441176470591,-0.9954610222591126,-1.8197311674124181,-0.5344181227464346,0.005862358350639965,True
Headline,VAI (%),C,E,17,51.62352941176471,40.93529411764706,4.31476742745208,0.0005339762777816327,-10.688235294117646,-15.376617647058822,-5.92323529411765,-1.0464848149035006,-1.7598976035357852,-0.6173059103676242,0.005862358350639965,True
Headline,Fix. duration (s),A,B,17,0.27235294117647063,0.21647058823529414,3.1873183353436003,0.005728326106331117,-0.055882352941176466,-0.08823529411764706,-0.022352941176470596,-0.7730382446523245,-1.6038590644550685,-0.3079956116207314,0.024432478658230183,True
Headline,Fix. duration (s),A,C,17,0.27235294117647063,0.21411764705882352,3.4247547941640413,0.0034738567379916764,-0.05823529411764706,-0.09000000000000001,-0.02470588235294118,-0.8306250445987537,-1.7609136474327896,-0.34170204415211064,0.01736928368995838,True
Headline,Fix. duration (s),A,D,17,0.27235294117647063,0.2235294117647059,2.913626176855851,0.01014975756043083,-0.04882352941176471,-0.08058823529411765,-0.017647058823529415,-0.7066581459259552,-1.5868824903762715,-0.24501659333148673,0.03229468314682537,True
Headline,Fix. duration (s),A,E,17,0.27235294117647063,0.22176470588235297,3.3006809249334426,0.004512824804030273,-0.050588235294117656,-0.08000000000000002,-0.021764705882352953,-0.8005327111742342,-1.614129836549693,-0.3623468275777975,0.02105984908547461,True
Headline,FFD (s),A,B,17,0.27764705882352947,0.22058823529411764,3.4511051247793763,0.003285895686763843,-0.05705882352941176,-0.08647058823529412,-0.024117647058823532,-0.837015938504458,-2.045958013143573,-0.3164913513811689,0.01736928368995838,True
Headline,FFD (s),A,C,17,0.27764705882352947,0.22117647058823528,3.143320060447587,0.006282637369259189,-0.05647058823529411,-0.0911764705882353,-0.022941176470588236,-0.7623670955498995,-1.547054177205531,-0.3119646922611225,0.024432478658230183,True
Headline,FFD (s),A,D,17,0.27764705882352947,0.2258823529411765,2.9343523826374236,0.009721865833167281,-0.05176470588235294,-0.08470588235294116,-0.017647058823529408,-0.7116849891998205,-1.6847626171646584,-0.2294498594002548,0.03229468314682537,True
Headline,FFD (s),A,E,17,0.27764705882352947,0.2247058823529412,3.024249208402581,0.00806101396183793,-0.05294117647058823,-0.08823529411764706,-0.02117647058823529,-0.7334881720255553,-1.5553015445188008,-0.3259257555535411,0.02918639665456918,True
Headline,Revisits,A,C,17,0.5458823529411765,1.0305882352941178,-4.704924125614953,0.00023843199521115396,0.4847058823529412,0.2882352941176471,0.6794117647058824,1.141111713554545,0.6922235518391059,1.9462680978022409,0.0033380479329561557,True
Headline,Revisits,C,D,17,1.0305882352941178,0.6529411764705882,3.1608458168045983,0.006055778514077362,-0.37764705882352945,-0.6023529411764705,-0.154661764705883,-0.7666177158221816,-1.4880394548379503,-0.31738791127816546,0.024432478658230183,True
Headline,Revisits,C,E,17,1.0305882352941178,0.6076470588235294,6.4296135675826065,8.327501471622755e-06,-0.4229411764705882,-0.5547058823529412,-0.30705882352941183,-1.5594103453557342,-2.792433251838289,-1.1784166193901582,0.00039166288667399066,True
Product,Fix. duration (s),A,B,17,0.26,0.20647058823529413,4.846015989216497,0.00017876593037972072,-0.05352941176470589,-0.07176470588235297,-0.030588235294117656,-1.1753315168806866,-2.7311875993998096,-0.5378151145974736,0.0033380479329561557,True
Product,Fix. duration (s),A,C,17,0.26,0.21588235294117647,4.0540540540540535,0.0009212277408148516,-0.04411764705882353,-0.06470588235294118,-0.022926470588235503,-0.9832525339310796,-2.3252924827522925,-0.42916781914677643,0.005862358350639965,True
Product,Fix. duration (s),A,D,17,0.26,0.20411764705882354,6.2692273653379,1.1190368190685447e-05,-0.05588235294117648,-0.0723529411764706,-0.038823529411764715,-1.5205109775471104,-2.7669965072627094,-0.9702573302931149,0.00039166288667399066,True
Product,Fix. duration (s),A,E,17,0.26,0.21588235294117647,4.066698597906943,0.0008970952505800783,-0.04411764705882353,-0.06352941176470589,-0.02235294117647059,-0.9863192862777396,-2.276943649779224,-0.42709967150352524,0.005862358350639965,True
Product,FFD (s),A,B,17,0.25764705882352945,0.20823529411764707,4.080002081634246,0.0008723954182644514,-0.049411764705882356,-0.07119117647058823,-0.025882352941176467,-0.9895458550187016,-1.9271885221707095,-0.4621719331901606,0.005862358350639965,True
Product,FFD (s),A,C,17,0.25764705882352945,0.21823529411764706,3.0080097993332493,0.008338970472734051,-0.03941176470588235,-0.06352941176470589,-0.014117647058823525,-0.7295495367967041,-1.7647777830219853,-0.23581033380331426,0.02918639665456918,True
Product,FFD (s),A,D,17,0.25764705882352945,0.20058823529411765,4.780297552172906,0.00020437769538894174,-0.05705882352941177,-0.07941176470588235,-0.03411764705882353,-1.1593924546759082,-2.196876280056954,-0.6470944168285899,0.0033380479329561557,True
