AOI,metric,n_images_complete,F,df1,df2,p_omnibus,eta_sq,eta_band,mean_A,sd_A,mean_B,sd_B,mean_C,sd_C,mean_D,sd_D,mean_E,sd_E,q_omnibus_FDR,significant_omnibus_FDR
CTA,FFD (s),16,2.784857571214392,4.0,60.0,0.03442834792962847,0.15658587987355108,large,0.276875,0.06935115956733048,0.23249999999999998,0.05026595932305149,0.24,0.03055050463303894,0.22,0.03651483716701107,0.25125000000000003,0.049916597106239795,0.05508535668740555,False
CTA,Fix. duration (s),16,3.1824366460683704,4.0,60.0,0.0194586986706595,0.17502806186081313,large,0.27437500000000004,0.06702922248293401,0.231875,0.04475395699451242,0.23249999999999998,0.03296462750686964,0.21875,0.03242941051987635,0.24,0.036331804249169895,0.03700591874865145,True
CTA,Fixations,17,4.022171150466408,4.0,64.0,0.005680338856392516,0.20088586398746838,large,17.529411764705884,17.044491951429734,23.294117647058822,19.441465691539157,34.35294117647059,19.332424758907596,22.41176470588235,18.01755679722355,28.470588235294116,17.503991141518352,0.017041016569177548,True
CTA,K-coefficient,16,0.9723554579717231,4.0,60.0,0.4294280477040635,0.06087739911187772,medium,0.19437500000000002,0.41331132333871523,0.234375,0.4864561473898067,0.305,0.4806662043455937,-0.03749999999999999,0.6402343321003646,0.27062500000000006,0.5808553319602624,0.4480988323868489,False
CTA,Revisits,17,3.1456540332274563,4.0,64.0,0.020044872655519536,0.16430120526403252,large,0.24823529411764705,0.2652648510007886,0.3523529411764706,0.33862828831487013,0.548235294117647,0.4206726056881653,0.34470588235294114,0.34803228383044477,0.4205882352941176,0.3144731822476142,0.03700591874865145,True
CTA,TTFF (s),16,3.237228083297542,4.0,60.0,0.01799065509369463,0.17750658534902783,large,3.1237500000000002,0.9869945964053367,2.768125,0.9426573697089874,2.516875,0.6946242989319238,2.92375,0.8237303361335351,3.076875,0.8542265019692769,0.03700591874865145,True
CTA,Time spent (s),17,3.6236627186214267,4.0,64.0,0.010052996305624564,0.18465781697230432,large,0.49764705882352944,0.2807028992494712,0.5217647058823529,0.2403964250492727,0.6376470588235295,0.23546574622874306,0.4394117647058824,0.22148562561245635,0.6394117647058823,0.2200985741728946,0.02680799014833217,True
CTA,VAI (%),17,3.2835990246416107,4.0,64.0,0.016417567378801897,0.17027936644221098,large,21.635294117647057,15.756147259739237,26.68235294117647,14.86246258591244,34.48235294117647,13.15172209703532,26.129411764705882,15.839103695675236,28.388235294117646,13.907501678632883,0.03700591874865145,True
Headline,FFD (s),17,5.455960382030422,4.0,64.0,0.0007640404142645684,0.2542864679504089,large,0.27764705882352947,0.05584906129075781,0.22058823529411764,0.027493314695415983,0.22117647058823528,0.03789497871439838,0.2258823529411765,0.0346516275825198,0.2247058823529412,0.042737227194043534,0.003667393988469928,True
Headline,Fix. duration (s),17,6.896861444245978,4.0,64.0,0.00011114855186472609,0.301214271704438,large,0.27235294117647063,0.052145159382811584,0.21647058823529414,0.026206195944515735,0.21411764705882352,0.02851728062276709,0.2235294117647059,0.027825612408037905,0.22176470588235297,0.03432114765666481,0.0008891884149178087,True
Headline,Fixations,17,4.3082372440571515,4.0,64.0,0.0037825532368752387,0.21214235348357874,large,36.88235294117647,43.07244239786789,54.76470588235294,23.586355726788067,64.29411764705883,27.914522891056084,47.411764705882355,38.46761433909278,44.705882352941174,39.090863232158156,0.012968753955000818,True
Headline,K-coefficient,17,2.9404821914651524,4.0,64.0,0.026986829161741024,0.15524853917342057,large,-0.1223529411764706,0.28408910159852807,0.07176470588235292,0.31855602517684484,0.06529411764705882,0.2942600390610918,0.20764705882352943,0.2773204241433704,0.014117647058823526,0.32507804492785675,0.04626313570584175,True
Headline,Revisits,17,5.2068214133693225,4.0,64.0,0.0010762148445188169,0.24552578209984874,large,0.5458823529411765,0.6406057565258977,0.7941176470588235,0.38226396023444015,1.0305882352941178,0.5414502584291019,0.6529411764705882,0.40041798014515956,0.6076470588235294,0.4514079282058068,0.0043048593780752676,True
Headline,TTFF (s),17,1.4817042777636236,4.0,64.0,0.21816978210991525,0.08475742720624337,medium,1.598823529411765,0.735695949024979,1.7676470588235293,0.8471830484889666,1.576470588235294,0.6223638523451394,1.9005882352941177,0.7104353470604776,1.907058823529412,0.6636147668817576,0.2865896335674076,False
Headline,Time spent (s),17,0.722142414013533,4.0,64.0,0.579994791551971,0.04318480228994829,small,0.7341176470588235,0.5179534103508902,0.7770588235294118,0.26492368490478424,0.8447058823529412,0.26163231946423454,0.7370588235294118,0.36141673843850874,0.7158823529411764,0.48037822108638284,0.579994791551971,False
Headline,VAI (%),17,5.733294257213875,4.0,64.0,0.0005234444350619922,0.2638023573122532,large,38.55882352941177,15.25733671154346,48.09411764705882,12.578874680800906,51.62352941176471,10.956649203324249,41.476470588235294,13.59984050512012,40.93529411764706,17.48810099669453,0.003140666610371953,True
Product,FFD (s),17,7.276863911062273,4.0,64.0,6.788963978228034e-05,0.31262217878087784,large,0.25764705882352945,0.0526224063214409,0.20823529411764707,0.0269803850319188,0.21823529411764706,0.029840260998700872,0.20058823529411765,0.01983386883442503,0.21647058823529414,0.03569684448074301,0.000814675677387364,True
Product,Fix. duration (s),17,13.008597235825436,4.0,64.0,8.262171787966249e-08,0.4484393757503,large,0.26,0.03905124837953328,0.20647058823529413,0.025480673183461085,0.21588235294117647,0.02476358807034326,0.20411764705882354,0.016605279103876786,0.21588235294117647,0.024253562503633298,1.9829212291118998e-06,True
Product,Fixations,17,1.4532636921872593,4.0,64.0,0.226883459907531,0.08326601361313271,medium,66.82352941176471,41.12820700887295,68.0,37.07593559170152,86.0,40.44286092748632,76.17647058823529,34.78727370411062,76.17647058823529,34.891322872093944,0.2865896335674076,False
Product,K-coefficient,17,2.7110951176511717,4.0,64.0,0.03764251888927074,0.14489238072942354,large,0.10705882352941176,0.26298205038277694,0.005882352941176477,0.2887052741016652,0.2335294117647059,0.1552796339056811,0.00882352941176471,0.2356608355492374,0.042941176470588246,0.22993925028913487,0.05646377833390611,False
Product,Revisits,17,0.9810018542339305,4.0,64.0,0.4242812174983681,0.05777055221210838,small,1.0723529411764705,0.61185710557863,1.2029411764705884,0.6936926976864679,1.4105882352941177,0.5801882301054901,1.3211764705882354,0.5448610184365962,1.3641176470588237,0.9478730058895641,0.4480988323868489,False
Product,TTFF (s),17,2.416066987566119,4.0,64.0,0.05772862597870272,0.13119342958501196,medium,2.1217647058823528,0.7423125629924842,2.403529411764706,0.5642577112507036,2.2947058823529405,0.6758431553165537,2.125882352941176,0.44727031568629466,1.8458823529411763,0.7800405343917184,0.0814992366758156,False
Product,Time spent (s),17,1.1523314070140411,4.0,64.0,0.34024012626726297,0.06718220279622293,medium,1.0070588235294116,0.4995218301771499,0.8752941176470589,0.3702215155663367,1.0905882352941176,0.41198408021784183,0.9123529411764705,0.342518784371104,0.9747058823529412,0.3975411558420528,0.4082881515207155,False
Product,VAI (%),17,1.0942870722609248,4.0,64.0,0.36702025168598024,0.06401478269524534,medium,50.264705882352935,12.321421446837546,46.91764705882353,15.021494403608685,52.470588235294116,13.467635497085336,52.05294117647059,10.939327998502629,52.135294117647064,8.552115321403718,0.41945171621254884,False
