AOI,metric,group1,group2,n_images_complete,mean_group1,mean_group2,mean_difference_group2_minus_group1,t_stat,p_posthoc,omnibus_F,omnibus_p,omnibus_q_FDR,eta_sq_omnibus,q_posthoc_global_FDR,significant_posthoc_global_FDR
CTA,Fixations,A,C,17,17.529411764705884,34.35294117647059,16.823529411764703,-3.559392358161955,0.0026141238937188037,4.022171150466408,0.005680338856392516,0.017041016569177548,0.20088586398746838,0.022873584070039532,True
CTA,Revisits,A,C,17,0.24823529411764705,0.548235294117647,0.3,-3.880361144010549,0.0013275852484472893,3.1456540332274563,0.020044872655519536,0.03700591874865145,0.16430120526403252,0.014297071906355423,True
CTA,TTFF (s),C,D,16,2.516875,2.92375,0.4068749999999999,-3.503366994399224,0.0032013364179144053,3.237228083297542,0.01799065509369463,0.03700591874865145,0.17750658534902783,0.02555696645260767,True
CTA,TTFF (s),A,C,16,3.1237500000000002,2.516875,-0.606875,2.973730833536925,0.009465506693001712,3.237228083297542,0.01799065509369463,0.03700591874865145,0.17750658534902783,0.04536870722144731,True
CTA,Time spent (s),C,D,17,0.6376470588235295,0.4394117647058824,-0.19823529411764707,3.3259930625768175,0.004278431101535616,3.6236627186214267,0.010052996305624564,0.02680799014833217,0.18465781697230432,0.02994901771074931,True
CTA,VAI (%),A,C,17,21.635294117647057,34.48235294117647,12.847058823529416,-3.160952054322471,0.0060544282431901995,3.2835990246416107,0.016417567378801897,0.03700591874865145,0.17027936644221098,0.034509779374993915,True
Headline,FFD (s),A,B,17,0.27764705882352947,0.22058823529411764,-0.05705882352941183,3.4511051247793763,0.003285895686763843,5.455960382030422,0.0007640404142645684,0.003667393988469928,0.2542864679504089,0.02555696645260767,True
Headline,FFD (s),A,C,17,0.27764705882352947,0.22117647058823528,-0.05647058823529419,3.143320060447587,0.006282637369259189,5.455960382030422,0.0007640404142645684,0.003667393988469928,0.2542864679504089,0.034509779374993915,True
Headline,FFD (s),A,E,17,0.27764705882352947,0.2247058823529412,-0.05294117647058827,3.024249208402581,0.00806101396183793,5.455960382030422,0.0007640404142645684,0.003667393988469928,0.2542864679504089,0.04169485236367025,True
Headline,FFD (s),A,D,17,0.27764705882352947,0.2258823529411765,-0.05176470588235296,2.9343523826374236,0.009721865833167281,5.455960382030422,0.0007640404142645684,0.003667393988469928,0.2542864679504089,0.04536870722144731,True
Headline,Fix. duration (s),A,C,17,0.27235294117647063,0.21411764705882352,-0.05823529411764711,3.4247547941640413,0.0034738567379916764,6.896861444245978,0.00011114855186472609,0.0008891884149178087,0.301214271704438,0.025596839122043934,True
Headline,Fix. duration (s),A,E,17,0.27235294117647063,0.22176470588235297,-0.050588235294117656,3.3006809249334426,0.004512824804030273,6.896861444245978,0.00011114855186472609,0.0008891884149178087,0.301214271704438,0.030085498693535155,True
Headline,Fix. duration (s),A,B,17,0.27235294117647063,0.21647058823529414,-0.055882352941176494,3.1873183353436003,0.005728326106331117,6.896861444245978,0.00011114855186472609,0.0008891884149178087,0.301214271704438,0.034509779374993915,True
Headline,Fix. duration (s),A,D,17,0.27235294117647063,0.2235294117647059,-0.04882352941176474,2.913626176855851,0.01014975756043083,6.896861444245978,0.00011114855186472609,0.0008891884149178087,0.301214271704438,0.04583761478904246,True
Headline,Fixations,A,C,17,36.88235294117647,64.29411764705883,27.411764705882355,-4.272937238387074,0.0005826257925397713,4.3082372440571515,0.0037825532368752387,0.012968753955000818,0.21214235348357874,0.010747656976173268,True
Headline,Fixations,C,E,17,64.29411764705883,44.705882352941174,-19.588235294117652,3.777967164400805,0.0016475771328266092,4.3082372440571515,0.0037825532368752387,0.012968753955000818,0.21214235348357874,0.015377386573048353,True
Headline,Fixations,C,D,17,64.29411764705883,47.411764705882355,-16.88235294117647,3.1338293156631827,0.006408959026784585,4.3082372440571515,0.0037825532368752387,0.012968753955000818,0.21214235348357874,0.034509779374993915,True
Headline,K-coefficient,A,D,17,-0.1223529411764706,0.20764705882352943,0.33,-3.7901296078404645,0.0016058294727668212,2.9404821914651524,0.026986829161741024,0.04626313570584175,0.15524853917342057,0.015377386573048353,True
Headline,Revisits,C,E,17,1.0305882352941178,0.6076470588235294,-0.4229411764705884,6.4296135675826065,8.327501471622755e-06,5.2068214133693225,0.0010762148445188169,0.0043048593780752676,0.24552578209984874,0.0007833257733479813,True
Headline,Revisits,A,C,17,0.5458823529411765,1.0305882352941178,0.4847058823529413,-4.704924125614953,0.00023843199521115396,5.2068214133693225,0.0010762148445188169,0.0043048593780752676,0.24552578209984874,0.006676095865912311,True
Headline,Revisits,C,D,17,1.0305882352941178,0.6529411764705882,-0.37764705882352956,3.1608458168045983,0.006055778514077362,5.2068214133693225,0.0010762148445188169,0.0043048593780752676,0.24552578209984874,0.034509779374993915,True
Headline,VAI (%),A,C,17,38.55882352941177,51.62352941176471,13.06470588235294,-4.150803709260728,0.000752066685632934,5.733294257213875,0.0005234444350619922,0.003140666610371953,0.2638023573122532,0.010747656976173268,True
Headline,VAI (%),C,D,17,51.62352941176471,41.476470588235294,-10.147058823529413,4.104390940959655,0.0008288877993014961,5.733294257213875,0.0005234444350619922,0.003140666610371953,0.2638023573122532,0.010747656976173268,True
Headline,VAI (%),C,E,17,51.62352941176471,40.93529411764706,-10.688235294117646,4.31476742745208,0.0005339762777816327,5.733294257213875,0.0005234444350619922,0.003140666610371953,0.2638023573122532,0.010747656976173268,True
Product,FFD (s),A,D,17,0.25764705882352945,0.20058823529411765,-0.0570588235294118,4.780297552172906,0.00020437769538894174,7.276863911062273,6.788963978228034e-05,0.000814675677387364,0.31262217878087784,0.006676095865912311,True
Product,FFD (s),A,B,17,0.25764705882352945,0.20823529411764707,-0.04941176470588238,4.080002081634246,0.0008723954182644514,7.276863911062273,6.788963978228034e-05,0.000814675677387364,0.31262217878087784,0.010747656976173268,True
Product,FFD (s),A,C,17,0.25764705882352945,0.21823529411764706,-0.039411764705882396,3.0080097993332493,0.008338970472734051,7.276863911062273,6.788963978228034e-05,0.000814675677387364,0.31262217878087784,0.04169485236367025,True
Product,Fix. duration (s),A,D,17,0.26,0.20411764705882354,-0.055882352941176466,6.2692273653379,1.1190368190685447e-05,13.008597235825436,8.262171787966249e-08,1.9829212291118998e-06,0.4484393757503,0.0007833257733479813,True
Product,Fix. duration (s),A,B,17,0.26,0.20647058823529413,-0.05352941176470588,4.846015989216497,0.00017876593037972072,13.008597235825436,8.262171787966249e-08,1.9829212291118998e-06,0.4484393757503,0.006676095865912311,True
Product,Fix. duration (s),A,C,17,0.26,0.21588235294117647,-0.04411764705882354,4.0540540540540535,0.0009212277408148516,13.008597235825436,8.262171787966249e-08,1.9829212291118998e-06,0.4484393757503,0.010747656976173268,True
Product,Fix. duration (s),A,E,17,0.26,0.21588235294117647,-0.04411764705882354,4.066698597906943,0.0008970952505800783,13.008597235825436,8.262171787966249e-08,1.9829212291118998e-06,0.4484393757503,0.010747656976173268,True
