Img,VAI%,Avg. TTFF,Fix. Avg. Time Spent,Fixations,Avg. Fixation Duration,Avg. FFD,K-coefficient,Avg. Revisits
1,50.6%,1.65s,0.58s,43,0.22s,0.22s,0.21,0.8
2,34.0%,1.89s,0.6s,36,0.2s,0.21s,-0.02,0.85
3,26.3%,2.15s,0.76s,28,0.26s,0.25s,0.07,0.33
4,54.4%,1.73s,0.78s,59,0.23s,0.23s,-0.5,0.7
5,60.3%,1.52s,1.02s,86,0.22s,0.23s,0.25,1.85
6,71.5%,1.43s,2.35s,177,0.24s,0.27s,0.11,1.95
7,58.6%,2.34s,0.5s,46,0.22s,0.22s,0.36,0.7
8,40.6%,2.32s,0.86s,47,0.23s,0.24s,-0.27,0.63
9,54.6%,1.12s,0.89s,55,0.24s,0.24s,0.16,0.6
10,5.3%,2.57s,0.24s,3,0.14s,0.09s,-0.75,0.08
11,60.0%,1.6s,1.09s,75,0.27s,0.25s,0.54,1
12,35.5%,2.48s,0.46s,26,0.22s,0.23s,-0.19,0.45
13,55.2%,1.53s,0.74s,56,0.23s,0.26s,-0.12,0.8
14,23.2%,3s,0.44s,17,0.24s,0.28s,0.25,0.2
15,18.8%,0.26s,0.2s,7,0.16s,0.19s,0.25,0
16,46.4%,1.77s,0.47s,37,0.18s,0.2s,0,0.7
17,29.3%,2.77s,0.49s,20,0.25s,0.24s,-0.17,0.24
18,missing,,,,,,,
19,31.6%,1.81s,0.72s,28,0.24s,0.2s,0.31,0.3
20,,,,,,,,